rank,channel_info,country,rank_group,follower_band,engagement_band,insight_segment,influence_score,balanced_influencer_score,posts,followers,followers_m,avg_likes,avg_likes_m,new_post_avg_like,new_post_avg_like_m,total_likes,total_likes_b,recent_60_day_eng_rate,recent_60_day_eng_rate_pct,engagement_rate,engagement_rate_pct,recent_eng_rate_missing,followers_score_0_100,engagement_score_0_100,recent_eng_score_0_100,influence_score_0_100
1,cristiano,Spain,Top 10,Q4 팔로워 높음,Q3 반응 중상,일반 계정,92,61.55603355,3300,475800000,475.8,8700000,8.7,6500000,6.5,29000000000,29,0.0139,1.39,0.0182849937,1.828499369,False,100,5.038070435,5.263157895,98.5915493
2,kyliejenner,United States,Top 10,Q4 팔로워 높음,Q3 반응 중상,일반 계정,91,59.0707554,6900,366200000,366.2,8300000,8.3,5900000,5.9,57400000000,57.4,0.0162,1.62,0.0226652103,2.266521027,False,90.21083548,6.33542403,6.134040136,97.18309859
3,leomessi,None,Top 10,Q4 팔로워 높음,Q3 반응 중상,일반 계정,90,57.86293748,890,357300000,357.3,6800000,6.8,4400000,4.4,6000000000,6,0.0124,1.24,0.0190316261,1.903162608,False,89.29091654,5.259211605,4.695191215,95.77464789
4,selenagomez,United States,Top 10,Q4 팔로워 높음,Q3 반응 중상,일반 계정,93,58.72888372,1800,342700000,342.7,6200000,6.2,3300000,3.3,11500000000,11.5,0.0097,0.97,0.0180916253,1.809162533,False,87.73102651,4.980797663,3.672851193,100
5,therock,United States,Top 10,Q4 팔로워 높음,Q1 반응 낮음,일반 계정,91,56.1495502,6800,334100000,334.1,1900000,1.9,665300,0.6653,12500000000,12.5,0.002,0.2,0.00568692008,0.568692008,False,86.780777,1.30671245,0.757288906,97.18309859
6,kimkardashian,United States,Top 10,Q4 팔로워 높음,Q2 반응 중하,일반 계정,91,56.76381445,5600,329200000,329.2,3500000,3.5,2900000,2.9,19900000000,19.9,0.0088,0.88,0.0106318348,1.063183475,False,86.22835602,2.77132104,3.332071185,97.18309859
7,arianagrande,United States,Top 10,Q4 팔로워 높음,Q2 반응 중하,일반 계정,92,57.44462819,5000,327700000,327.7,3700000,3.7,3900000,3.9,18400000000,18.4,0.012,1.2,0.0112908148,1.129081477,False,86.05760279,2.966500909,4.543733434,98.5915493
8,beyonce,United States,Top 10,Q4 팔로워 높음,Q2 반응 중하,일반 계정,92,55.62191269,2000,272800000,272.8,3600000,3.6,2000000,2,7400000000,7.4,0.0076,0.76,0.0131964809,1.319648094,False,79.20193276,3.530930273,2.877697842,98.5915493
9,khloekardashian,United States,Top 10,Q4 팔로워 높음,Q2 반응 중하,일반 계정,89,53.43990747,4100,268300000,268.3,2400000,2.4,926900,0.9269,9800000000,9.8,0.0035,0.35,0.00894521059,0.894521059,False,78.58003188,2.271768589,1.325255585,94.36619718
10,justinbieber,Canada,Top 10,Q4 팔로워 높음,Q1 반응 낮음,일반 계정,91,53.95899336,7400,254500000,254.5,1900000,1.9,1500000,1.5,13900000000,13.9,0.0059,0.59,0.00746561886,0.746561886,False,76.60569806,1.833536002,2.234002272,97.18309859
11,kendalljenner,United States,11-50,Q4 팔로워 높음,Q3 반응 중상,일반 계정,90,55.3217671,660,254000000,254,5500000,5.5,5100000,5.1,3700000000,3.7,0.0204,2.04,0.0216535433,2.165354331,False,76.53216962,6.035783648,7.724346838,95.77464789
12,natgeo,United States,11-50,Q4 팔로워 높음,Q1 반응 낮음,팔로워 많음·평균 좋아요 낮음,91,52.53935853,10000,237000000,237,302200,0.3022,159300,0.1593,3000000000,3,0.0007,0.07,0.00127510549,0.127510549,False,73.94206541,0,0.265051117,97.18309859
13,nike,United States,11-50,Q4 팔로워 높음,Q1 반응 낮음,팔로워 많음·평균 좋아요 낮음,90,51.94664517,950,234100000,234.1,329000,0.329,181800,0.1818,313600000,0.3136,0.0008,0.08,0.00140538232,0.140538232,False,73.4817383,0.0385860176,0.302915562,95.77464789
14,taylorswift,United States,11-50,Q4 팔로워 높음,Q2 반응 중하,일반 계정,91,53.17587436,530,222200000,222.2,2400000,2.4,2300000,2.3,1300000000,1.3,0.0101,1.01,0.0108010801,1.080108011,False,71.53112509,2.821448943,3.824308974,97.18309859
15,jlo,United States,11-50,Q4 팔로워 높음,Q1 반응 낮음,일반 계정,89,51.6637806,3200,220400000,220.4,1700000,1.7,1400000,1.4,5300000000,5.3,0.0062,0.62,0.00771324864,0.771324864,False,71.22700882,1.906880179,2.347595608,94.36619718
16,virat.kohli,None,11-50,Q4 팔로워 높음,Q2 반응 중하,일반 계정,87,51.15141433,1400,211800000,211.8,3500000,3.5,2000000,2,4900000000,4.9,0.0096,0.96,0.0165250236,1.652502361,False,69.73885715,4.516794037,3.634986747,91.54929577
17,nickiminaj,United States,11-50,Q4 팔로워 높음,Q2 반응 중하,일반 계정,90,51.47240754,6400,201600000,201.6,2100000,2.1,1000000,1,13500000000,13.5,0.0053,0.53,0.0104166667,1.041666667,False,67.89344222,2.707591523,2.0068156,95.77464789
18,kourtneykardash,United States,11-50,Q4 팔로워 높음,Q2 반응 중하,일반 계정,89,50.66890165,4400,195200000,195.2,1800000,1.8,1300000,1.3,7700000000,7.7,0.0067,0.67,0.00922131148,0.922131148,False,66.68723436,2.353545478,2.536917834,94.36619718
19,mileycyrus,None,11-50,Q4 팔로워 높음,Q1 반응 낮음,일반 계정,89,49.74538848,1200,181500000,181.5,1300000,1.3,913600,0.9136,1600000000,1.6,0.0051,0.51,0.00716253444,0.716253444,False,63.96645885,1.743767,1.93108671,94.36619718
20,neymarjr,Brazil,11-50,Q4 팔로워 높음,Q2 반응 중하,일반 계정,90,50.93689586,5300,177100000,177.1,2700000,2.7,1900000,1.9,14100000000,14.1,0.0109,1.09,0.0152456239,1.524562394,False,63.0488864,4.137855295,4.127224536,95.77464789
21,katyperry,None,11-50,Q4 팔로워 높음,Q1 반응 낮음,일반 계정,92,50.21062836,2000,170300000,170.3,715000,0.715,265100,0.2651,1500000000,1.5,0.0016,0.16,0.00419847328,0.419847328,False,61.58498862,0.865857123,0.605831125,98.5915493
22,kevinhart4real,United States,11-50,Q4 팔로워 높음,Q1 반응 낮음,일반 계정,88,47.07415823,8200,152000000,152,522000,0.522,115200,0.1152,4300000000,4.3,0.0008,0.08,0.00343421053,0.343421053,False,57.33454439,0.639494107,0.302915562,92.95774648
23,zendaya,United States,11-50,Q4 팔로워 높음,Q4 반응 높음,일반 계정,87,50.85146006,3500,150700000,150.7,5800000,5.8,4800000,4.8,20600000000,20.6,0.0317,3.17,0.0384870604,3.848706038,False,57.01339302,11.02161563,12.00302916,91.54929577
24,iamcardib,United States,11-50,Q4 팔로워 높음,Q3 반응 중상,일반 계정,75,41.88912245,1600,140500000,140.5,3100000,3.1,1500000,1.5,5000000000,5,0.011,1.1,0.0220640569,2.206405694,False,54.3930226,6.157371549,4.165088981,74.64788732
25,ddlovato,United States,11-50,Q4 팔로워 높음,Q1 반응 낮음,일반 계정,88,46.68434957,80,139100000,139.1,1100000,1.1,363400,0.3634,91300000,0.0913,0.0027,0.27,0.00790797987,0.790797987,False,54.01859257,1.964556611,1.022340023,92.95774648
26,badgalriri,United States,11-50,Q4 팔로워 높음,Q3 반응 중상,일반 계정,88,47.72280983,4800,135300000,135.3,3700000,3.7,0,0,17900000000,17.9,0.0002,0.02,0.0273466371,2.73466371,False,52.98296541,7.721991528,0.0757288906,92.95774648
27,kingjames,None,11-50,Q4 팔로워 높음,Q2 반응 중하,일반 계정,86,46.10202692,2300,130900000,130.9,2100000,2.1,1200000,1.2,4900000000,4.9,0.0092,0.92,0.0160427807,1.604278075,False,51.74684619,4.37396103,3.483528966,90.14084507
28,theellenshow,United States,11-50,Q4 팔로워 높음,Q1 반응 낮음,팔로워 많음·평균 좋아요 낮음,87,44.74957629,10000,125100000,125.1,420500,0.4205,81700,0.0817,4200000000,4.2,0.0007,0.07,0.00336131095,0.336131095,False,50.05235806,0.617902361,0.265051117,91.54929577
29,realmadrid,Spain,11-50,Q4 팔로워 높음,Q1 반응 낮음,일반 계정,90,46.68230101,6900,123400000,123.4,996200,0.9962,588300,0.5883,6800000000,6.8,0.0048,0.48,0.00807293355,0.807293355,False,49.54078758,2.013413385,1.817493374,95.77464789
30,champagnepapi,Netherlands,11-50,Q4 팔로워 높음,Q2 반응 중하,일반 계정,85,44.73201035,5200,119600000,119.6,1700000,1.7,1300000,1.3,9000000000,9,0.011,1.1,0.0142140468,1.421404682,False,48.37131806,3.832317827,4.165088981,88.73239437
31,chrisbrownofficial,United States,11-50,Q4 팔로워 높음,Q1 반응 낮음,팔로워 많음·평균 좋아요 낮음,86,43.87572959,7300,118500000,118.5,463200,0.4632,255900,0.2559,3400000000,3.4,0.0022,0.22,0.00390886076,0.390886076,False,48.0258463,0.780078294,0.833017796,90.14084507
32,fcbarcelona,None,11-50,Q4 팔로워 높음,Q2 반응 중하,일반 계정,90,46.01676658,10000,111400000,111.4,1200000,1.2,706300,0.7063,11600000000,11.6,0.0064,0.64,0.0107719928,1.077199282,False,45.71573087,2.81283373,2.423324498,95.77464789
33,billieeilish,None,11-50,Q4 팔로워 높음,Q4 반응 높음,참여율 상위 10%,73,44.77411021,690,105200000,105.2,8500000,8.5,5200000,5.2,5900000000,5.9,0.0502,5.02,0.0807984791,8.079847909,False,43.57467466,23.55361496,19.00795153,71.83098592
34,dualipa,United Kingdom,11-50,Q4 팔로워 높음,Q3 반응 중상,일반 계정,74,37.06439674,1300,85900000,85.9,2100000,2.1,1100000,1.1,2600000000,2.6,0.0126,1.26,0.0244470314,2.444703143,False,35.99665125,6.863172386,4.770920106,73.23943662
35,gal_gadot,United States,11-50,Q4 팔로워 높음,Q2 반응 중하,일반 계정,85,41.53131518,1700,85600000,85.6,1400000,1.4,586500,0.5865,2300000000,2.3,0.0069,0.69,0.0163551402,1.635514019,False,35.86584341,4.466477149,2.612646725,88.73239437
36,vindiesel,United States,11-50,Q4 팔로워 높음,Q2 반응 중하,일반 계정,88,42.64014918,1800,82300000,82.3,1400000,1.4,482300,0.4823,2500000000,2.5,0.006,0.6,0.0170109356,1.70109356,False,34.39591782,4.660713787,2.271866717,92.95774648
37,nasa,United States,11-50,Q4 팔로워 높음,Q2 반응 중하,일반 계정,88,42.88742429,3600,81300000,81.3,1200000,1.2,1200000,1.2,4200000000,4.2,0.0153,1.53,0.0147601476,1.47601476,False,33.93883144,3.99406458,5.793260129,92.95774648
38,priyankachopra,United States,11-50,Q4 팔로워 높음,Q3 반응 중상,일반 계정,85,41.45241044,3600,81100000,81.1,1600000,1.6,802900,0.8029,5600000000,5.6,0.01,1,0.01972873,1.972872996,False,33.84673976,5.465683182,3.786444529,88.73239437
39,lalalalisa_m,None,11-50,Q4 팔로워 높음,Q4 반응 높음,참여율 상위 10%,70,42.42648795,870,80900000,80.9,5800000,5.8,7200000,7.2,5100000000,5.1,0.09,9,0.0716934487,7.16934487,False,33.7544207,20.85684331,34.07800076,67.6056338
40,Shakira,None,11-50,Q4 팔로워 높음,Q2 반응 중하,일반 계정,88,41.48931708,2000,76100000,76.1,975100,0.9751,304700,0.3047,1900000000,1.9,0.0041,0.41,0.0128134034,1.281340342,False,31.46748935,3.417468532,1.552442257,92.95774648
41,snoopdogg,None,11-50,Q4 팔로워 높음,Q1 반응 낮음,팔로워 많음·평균 좋아요 낮음,86,39.5198305,10000,75300000,75.3,203700,0.2037,125800,0.1258,2000000000,2,0.0017,0.17,0.00270517928,0.270517928,False,31.07235541,0.42356613,0.64369557,90.14084507
42,gigihadid,United States,11-50,Q4 팔로워 높음,Q4 반응 높음,일반 계정,85,42.64237808,3300,75300000,75.3,2500000,2.5,1900000,1.9,8200000000,8.2,0.0256,2.56,0.0332005312,3.320053121,False,31.07235541,9.455826017,9.693297993,88.73239437
43,davidbeckham,United States,11-50,Q4 팔로워 높음,Q2 반응 중하,일반 계정,86,40.62076756,1500,74900000,74.9,1200000,1.2,340900,0.3409,1900000000,1.9,0.0046,0.46,0.0160213618,1.602136182,False,30.8732114,4.367617067,1.741764483,90.14084507
44,shraddhakapoor,None,11-50,Q4 팔로워 높음,Q3 반응 중상,일반 계정,81,38.85044193,1900,73900000,73.9,1600000,1.6,859900,0.8599,3000000000,3,0.0117,1.17,0.0216508796,2.165087957,False,30.37066081,6.034994689,4.430140098,83.09859155
45,victoriassecret,United States,11-50,Q4 팔로워 높음,Q1 반응 낮음,팔로워 많음·평균 좋아요 낮음,88,40.1159157,2900,73200000,73.2,147000,0.147,29800,0.0298,423500000,0.4235,0.0004,0.04,0.00200819672,0.200819672,False,30.01481257,0.217130485,0.151457781,92.95774648
46,k.mbappe,None,11-50,Q4 팔로워 높음,Q4 반응 높음,일반 계정,86,42.66761653,1200,72700000,72.7,2500000,2.5,1600000,1.6,2800000000,2.8,0.0216,2.16,0.0343878955,3.438789546,False,29.75854563,9.807505267,8.178720182,90.14084507
47,nehakakkar,India,11-50,Q4 팔로워 높음,Q3 반응 중상,일반 계정,84,39.49249279,2300,70400000,70.4,1500000,1.5,370100,0.3701,3500000000,3.5,0.0054,0.54,0.0213068182,2.130681818,False,28.55655308,5.933088934,2.044680045,87.32394366
48,nba,United States,11-50,Q4 팔로워 높음,Q1 반응 낮음,팔로워 많음·평균 좋아요 낮음,87,39.59776216,12900,70100000,70.1,370800,0.3708,196900,0.1969,4800000000,4.8,0.0028,0.28,0.00528958631,0.528958631,False,28.39688365,1.189028222,1.060204468,91.54929577
49,shawnmendes,Canada,11-50,Q4 팔로워 높음,Q4 반응 높음,일반 계정,83,42.38619116,2500,69900000,69.9,3500000,3.5,2000000,2,8800000000,8.8,0.0287,2.87,0.0500715308,5.007153076,False,28.29005729,14.45275974,10.8670958,85.91549296
50,jennierubyjane,None,11-50,Q3 팔로워 중상,Q4 반응 높음,참여율 상위 10%,76,43.69225118,860,68900000,68.9,5100000,5.1,5700000,5.7,4400000000,4.4,0.0836,8.36,0.0740203193,7.40203193,False,27.75129868,21.54602703,31.65467626,76.05633803
51,narendramodi,India,51-100,Q3 팔로워 중상,Q4 반응 높음,일반 계정,85,42.72592923,540,68900000,68.9,2900000,2.9,2000000,2,1600000000,1.6,0.0301,3.01,0.0420899855,4.208998549,False,27.75129868,12.08874731,11.39719803,88.73239437
52,aliaabhatt,India,51-100,Q3 팔로워 중상,Q3 반응 중상,일반 계정,82,40.11719086,1800,68700000,68.7,1800000,1.8,2100000,2.1,3300000000,3.3,0.0314,3.14,0.0262008734,2.620087336,False,27.64260907,7.382633717,11.88943582,84.50704225
53,deepikapadukone,India,51-100,Q3 팔로워 중상,Q3 반응 중상,일반 계정,83,39.84439138,260,68400000,68.4,1600000,1.6,1500000,1.5,419000000,0.419,0.0223,2.23,0.0233918129,2.339181287,False,27.47897992,6.55063268,8.443771299,85.91549296
54,tomholland2013,None,51-100,Q3 팔로워 중상,Q4 반응 높음,참여율 상위 10%,77,45.84912738,1200,67700000,67.7,5400000,5.4,7300000,7.3,6600000000,6.6,0.1083,10.83,0.0797636632,7.976366322,False,27.0943705,23.24711823,41.00719424,77.46478873
55,ronaldinho,Brazil,51-100,Q3 팔로워 중상,Q2 반응 중하,일반 계정,78,35.51783907,2900,67700000,67.7,872900,0.8729,325700,0.3257,2600000000,2.6,0.0049,0.49,0.0128936484,1.289364845,False,27.0943705,3.441235891,1.855357819,78.87323944
56,emmawatson,United States,51-100,Q3 팔로워 중상,Q3 반응 중상,일반 계정,87,40.76217492,340,67300000,67.3,1900000,1.9,0,0,639000000,0.639,0.0001,0.01,0.0282317979,2.823179792,False,26.87280422,7.984162713,0.0378644453,91.54929577
57,bts.bighitofficial,Uruguay,51-100,Q3 팔로워 중상,Q4 반응 높음,일반 계정,78,41.77867497,1200,66900000,66.9,4100000,4.1,3600000,3.6,4900000000,4.9,0.054,5.4,0.0612855007,6.128550075,False,26.64991712,17.77416726,20.44680045,78.87323944
58,katrinakaif,India,51-100,Q3 팔로워 중상,Q3 반응 중상,일반 계정,85,40.71673569,1000,66300000,66.3,1700000,1.7,1500000,1.5,1700000000,1.7,0.0225,2.25,0.0256410256,2.564102564,False,26.3130752,7.216815329,8.519500189,88.73239437
59,marvel,Turkey,51-100,Q3 팔로워 중상,Q1 반응 낮음,일반 계정,82,36.70855583,7000,66200000,66.2,332300,0.3323,339000,0.339,2300000000,2.3,0.0051,0.51,0.00501963746,0.501963746,False,26.25663866,1.109073476,1.93108671,84.50704225
60,justintimberlake,United States,51-100,Q3 팔로워 중상,Q2 반응 중하,일반 계정,87,39.31454903,780,65900000,65.9,600400,0.6004,189400,0.1894,470700000,0.4707,0.003,0.3,0.0091107739,0.91107739,False,26.08681611,2.320805927,1.135933359,91.54929577
61,camila_cabello,United States,51-100,Q3 팔로워 중상,Q3 반응 중상,일반 계정,77,36.81970149,2900,65000000,65,1900000,1.9,1400000,1.4,5400000000,5.4,0.0219,2.19,0.0292307692,2.923076923,False,25.5726708,8.280042837,8.292313518,77.46478873
62,willsmith,United States,51-100,Q3 팔로워 중상,Q3 반응 중상,일반 계정,82,37.35033173,1400,63900000,63.9,1400000,1.4,0,0,1900000000,1.9,0.0002,0.02,0.0219092332,2.190923318,False,24.93451534,6.111515102,0.0757288906,84.50704225
63,raffinagita1717,Indonesia,51-100,Q3 팔로워 중상,Q1 반응 낮음,일반 계정,83,36.93151646,17500,63500000,63.5,386900,0.3869,366600,0.3666,6800000000,6.8,0.0058,0.58,0.00609291339,0.609291339,False,24.69973152,1.426961497,2.196137827,85.91549296
64,anitta,United States,51-100,Q3 팔로워 중상,Q2 반응 중하,일반 계정,82,36.994718,5100,63100000,63.1,855500,0.8555,426200,0.4262,4400000000,4.4,0.0069,0.69,0.0135578447,1.355784469,False,24.46346407,3.637960726,2.612646725,84.50704225
65,sooyaaa__,None,51-100,Q3 팔로워 중상,Q4 반응 높음,참여율 상위 10%,82,46.22258888,830,62900000,62.9,4500000,4.5,5900000,5.9,3800000000,3.8,0.0943,9.43,0.0715421304,7.154213037,False,24.34476809,20.81202512,35.7061719,84.50704225
66,maluma,Colombia,51-100,Q3 팔로워 중상,Q3 반응 중상,일반 계정,84,38.59130144,8200,62800000,62.8,1200000,1.2,696300,0.6963,9800000000,9.8,0.0112,1.12,0.0191082803,1.910828025,False,24.2852785,5.281915405,4.240817872,87.32394366
67,akshaykumar,None,51-100,Q3 팔로워 중상,Q3 반응 중상,일반 계정,85,39.37550674,1900,62800000,62.8,1500000,1.5,624900,0.6249,2900000000,2.9,0.0101,1.01,0.0238853503,2.388535032,False,24.2852785,6.696810974,3.824308974,88.73239437
68,jacquelinef143,India,51-100,Q3 팔로워 중상,Q2 반응 중하,일반 계정,85,38.97056268,2400,62700000,62.7,1100000,1.1,718800,0.7188,2800000000,2.8,0.0115,1.15,0.0175438596,1.754385965,False,24.22569411,4.818557792,4.354411208,88.73239437
69,psg,France,51-100,Q3 팔로워 중상,Q1 반응 낮음,일반 계정,86,38.28532366,10000,61900000,61.9,500500,0.5005,322200,0.3222,5000000000,5,0.0052,0.52,0.00808562197,0.808562197,False,23.74556937,2.017171502,1.968951155,90.14084507
70,roses_are_rosie,None,51-100,Q3 팔로워 중상,Q4 반응 높음,참여율 상위 10%,82,46.43649324,820,61800000,61.8,4600000,4.6,6000000,6,3800000000,3.8,0.0972,9.72,0.074433657,7.443365696,False,23.68511794,21.66845136,36.80424082,84.50704225
71,manchesterunited,United Kingdom,51-100,Q3 팔로워 중상,Q1 반응 낮음,일반 계정,85,37.25159111,9900,59600000,59.6,381800,0.3818,241600,0.2416,3800000000,3.8,0.0041,0.41,0.00640604027,0.640604027,False,22.32984204,1.519704922,1.552442257,88.73239437
72,anushkasharma,None,51-100,Q3 팔로워 중상,Q4 반응 높음,일반 계정,85,40.22222784,1200,59500000,59.5,1900000,1.9,1400000,1.4,2200000000,2.2,0.0234,2.34,0.0319327731,3.193277311,False,22.26705579,9.08033533,8.860280197,88.73239437
73,whinderssonnunes,Brazil,51-100,Q3 팔로워 중상,Q3 반응 중상,일반 계정,79,35.79212402,2700,58700000,58.7,1600000,1.6,323100,0.3231,4400000000,4.4,0.0058,0.58,0.0272572402,2.72572402,False,21.76093368,7.695513525,2.196137827,80.28169014
74,9gag,United States,51-100,Q3 팔로워 중상,Q2 반응 중하,일반 계정,86,37.90618573,10000,58100000,58.1,672600,0.6726,248600,0.2486,6700000000,6.7,0.0044,0.44,0.0115765921,1.157659208,False,21.37679468,3.051143807,1.666035593,90.14084507
75,marcelotwelve,Brazil,51-100,Q3 팔로워 중상,Q2 반응 중하,일반 계정,86,38.12261705,2700,58100000,58.1,690900,0.6909,448300,0.4483,1900000000,1.9,0.0078,0.78,0.0118915663,1.189156627,False,21.37679468,3.144434374,2.953426732,90.14084507
76,milliebobbybrown,United States,51-100,Q3 팔로워 중상,Q4 반응 높음,참여율 상위 10%,80,43.8041914,280,57600000,57.6,4000000,4,5000000,5,1100000000,1.1,0.0863,8.63,0.0694444444,6.944444444,False,21.05363622,20.19072242,32.67701628,81.69014085
77,karimbenzema,Spain,51-100,Q3 팔로워 중상,Q2 반응 중하,일반 계정,42,16.97718823,2000,56900000,56.9,878500,0.8785,918900,0.9189,1800000000,1.8,0.0162,1.62,0.0154393673,1.543936731,False,20.59647,4.195239138,6.134040136,28.16901408
78,chrishemsworth,Australia,51-100,Q3 팔로워 중상,Q4 반응 높음,일반 계정,86,42.24299016,880,55900000,55.9,2800000,2.8,2100000,2.1,2500000000,2.5,0.0369,3.69,0.0500894454,5.008944544,False,19.93352355,14.4580658,13.97198031,90.14084507
79,karolg,India,51-100,Q3 팔로워 중상,Q4 반응 높음,일반 계정,83,44.85922093,3300,55600000,55.6,3100000,3.1,5700000,5.7,10100000000,10.1,0.1025,10.25,0.0557553957,5.575539568,False,19.73232557,16.13623417,38.81105642,85.91549296
80,paulpogba,France,51-100,Q3 팔로워 중상,Q3 반응 중상,일반 계정,80,35.72347919,1300,55200000,55.2,1400000,1.4,462600,0.4626,1800000000,1.8,0.0085,0.85,0.0253623188,2.536231884,False,19.46236627,7.134266609,3.218477849,81.69014085
81,iamzlatanibrahimovic,None,51-100,Q3 팔로워 중상,Q3 반응 중상,일반 계정,86,39.18828758,870,55100000,55.1,1500000,1.5,837100,0.8371,1300000000,1.3,0.0153,1.53,0.0272232305,2.722323049,False,19.39457079,7.685440365,5.793260129,90.14084507
82,leonardodicaprio,None,51-100,Q3 팔로워 중상,Q1 반응 낮음,일반 계정,86,36.86826696,1700,54600000,54.6,395500,0.3955,107600,0.1076,669300000,0.6693,0.002,0.2,0.00724358974,0.724358974,False,19.05373706,1.767774351,0.757288906,90.14084507
83,juventus,None,51-100,Q3 팔로워 중상,Q1 반응 낮음,일반 계정,87,37.10079167,10000,54500000,54.5,194800,0.1948,135500,0.1355,1900000000,1.9,0.0025,0.25,0.00357431193,0.357431193,False,18.98519589,0.680990013,0.946611132,91.54929577
84,zacefron,United States,51-100,Q3 팔로워 중상,Q4 반응 높음,일반 계정,86,43.97203103,660,54500000,54.5,2300000,2.3,4400000,4.4,1500000000,1.5,0.0818,8.18,0.0422018349,4.220183486,False,18.98519589,12.12187539,30.97311624,90.14084507
85,bellahadid,United Kingdom,51-100,Q3 팔로워 중상,Q3 반응 중상,일반 계정,79,35.3571886,3200,54100000,54.1,1100000,1.1,1100000,1.1,3600000000,3.6,0.0206,2.06,0.0203327172,2.033271719,False,18.70976775,5.644575021,7.800075729,80.28169014
86,tatawerneck,Brazil,51-100,Q3 팔로워 중상,Q3 반응 중상,일반 계정,86,37.70590875,5600,53900000,53.9,959800,0.9598,266500,0.2665,5400000000,5.4,0.0051,0.51,0.0178070501,1.780705009,False,18.57128908,4.896510803,1.93108671,90.14084507
87,beingsalmankhan,India,51-100,Q3 팔로워 중상,Q3 반응 중상,일반 계정,76,33.79155076,1200,53500000,53.5,1400000,1.4,693900,0.6939,1600000000,1.6,0.0133,1.33,0.0261682243,2.61682243,False,18.2927835,7.372963561,5.035971223,76.05633803
88,robertdowneyjr,United States,51-100,Q3 팔로워 중상,Q4 반응 높음,일반 계정,86,41.33481764,420,53400000,53.4,3000000,3,1100000,1.1,1300000000,1.3,0.0205,2.05,0.0561797753,5.617977528,False,18.22283175,16.26192896,7.762211284,90.14084507
89,sunnyleone,None,51-100,Q3 팔로워 중상,Q2 반응 중하,일반 계정,84,36.40780011,4600,53400000,53.4,764000,0.764,301300,0.3013,3500000000,3.5,0.0057,0.57,0.0143071161,1.43071161,False,18.22283175,3.859883534,2.158273381,87.32394366
90,ladygaga,United States,51-100,Q3 팔로워 중상,Q3 반응 중상,일반 계정,83,37.02454968,3600,53200000,53.2,1400000,1.4,531600,0.5316,5100000000,5.1,0.0102,1.02,0.0263157895,2.631578947,False,18.0825344,7.416670123,3.862173419,85.91549296
91,dishapatani,United States,51-100,Q3 팔로워 중상,Q3 반응 중상,일반 계정,74,33.31090864,2100,53000000,53,1600000,1.6,971700,0.9717,3400000000,3.4,0.0185,1.85,0.0301886792,3.018867925,False,17.94170862,8.563761228,7.004922378,73.23943662
92,sergioramos,None,51-100,Q3 팔로워 중상,Q3 반응 중상,일반 계정,87,38.54259828,2200,52800000,52.8,1100000,1.1,557900,0.5579,2500000000,2.5,0.0106,1.06,0.0208333333,2.083333333,False,17.80035042,5.792849916,4.0136312,91.54929577
93,jbalvin,None,51-100,Q3 팔로워 중상,Q2 반응 중하,일반 계정,87,38.00408099,10000,52800000,52.8,878000,0.878,340500,0.3405,8800000000,8.8,0.0066,0.66,0.0166287879,1.662878788,False,17.80035042,4.547527438,2.499053389,91.54929577
94,mosalah,None,51-100,Q3 팔로워 중상,Q4 반응 높음,일반 계정,22,8.079304041,840,52500000,52.5,1800000,1.8,1100000,1.1,1500000000,1.5,0.0218,2.18,0.0342857143,3.428571429,False,17.58730596,9.777240756,8.254449072,0
95,ayutingting92,Indonesia,51-100,Q3 팔로워 중상,Q1 반응 낮음,일반 계정,85,35.61155174,10000,52400000,52.4,147300,0.1473,56300,0.0563,1500000000,1.5,0.0011,0.11,0.0028110687,0.28110687,False,17.51602053,0.454928967,0.416508898,88.73239437
96,433,Netherlands,51-100,Q3 팔로워 중상,Q2 반응 중하,일반 계정,79,34.27831254,10300,51200000,51.2,863200,0.8632,774200,0.7742,8900000000,8.9,0.0152,1.52,0.016859375,1.6859375,False,16.64982271,4.615823839,5.755395683,80.28169014
97,hudabeauty,United States,51-100,Q3 팔로워 중상,Q1 반응 낮음,일반 계정,82,33.86660697,2400,50800000,50.8,186400,0.1864,16800,0.0168,453600000,0.4536,0.0004,0.04,0.00366929134,0.366929134,False,16.35657257,0.709121472,0.151457781,84.50704225
98,adele,United States,51-100,Q3 팔로워 중상,Q4 반응 높음,참여율 상위 10%,84,43.57356462,420,50700000,50.7,4700000,4.7,1900000,1.9,2000000000,2,0.0382,3.82,0.0927021696,9.270216963,False,16.28289925,27.07930723,14.4642181,87.32394366
99,michelleobama,None,51-100,Q3 팔로워 중상,Q2 반응 중하,일반 계정,85,36.74862985,600,50700000,50.7,700500,0.7005,611200,0.6112,421700000,0.4217,0.0122,1.22,0.013816568,1.381656805,False,16.28289925,3.714590653,4.619462325,88.73239437
100,kritisanon,India,51-100,Q3 팔로워 중상,Q3 반응 중상,일반 계정,76,32.51401755,2700,50200000,50.2,897200,0.8972,604400,0.6044,2400000000,2.4,0.0121,1.21,0.01787251,1.787250996,False,15.91233923,4.915899021,4.58159788,76.05633803
101,jamesrodriguez10,Colombia,101-200,Q2 팔로워 중하,Q3 반응 중상,팔로워 중위 이하·영향력 점수 높음,86,37.88035947,1100,49900000,49.9,1400000,1.4,363900,0.3639,1500000000,1.5,0.0075,0.75,0.0280561122,2.805611222,False,15.68822747,7.932127279,2.839833396,90.14084507
102,krisjenner,United States,101-200,Q2 팔로워 중하,Q1 반응 낮음,일반 계정,80,33.43008291,6400,49700000,49.7,356800,0.3568,452900,0.4529,2300000000,2.3,0.0091,0.91,0.00717907445,0.717907445,False,15.53806983,1.7486659,3.445664521,81.69014085
103,thv,None,101-200,Q2 팔로워 중하,Q4 반응 높음,참여율 상위 10%,83,71.56858021,60,49300000,49.3,15400000,15.4,12600000,12.6,987400000,0.9874,0.258,25.8,0.312373225,31.23732252,False,15.23593324,92.14253615,97.69026884,85.91549296
104,lelepons,United States,101-200,Q2 팔로워 중하,Q4 반응 높음,일반 계정,81,38.40838588,2500,49200000,49.2,2400000,2.4,1700000,1.7,6100000000,6.1,0.0355,3.55,0.0487804878,4.87804878,False,15.16001605,14.07037244,13.44187808,83.09859155
105,charlidamelio,None,101-200,Q2 팔로워 중하,Q4 반응 높음,참여율 상위 10%,80,40.46494035,150,49100000,49.1,4200000,4.2,1600000,1.6,654400000,0.6544,0.0328,3.28,0.0855397149,8.553971487,False,15.08394441,24.95789696,12.41953805,81.69014085
106,gucci,Italy,101-200,Q2 팔로워 중하,Q1 반응 낮음,팔로워 중위 이하·영향력 점수 높음,86,35.46593649,8900,49000000,49,115100,0.1151,72400,0.0724,1000000000,1,0.0015,0.15,0.00234897959,0.234897959,False,15.00771767,0.318065194,0.567966679,90.14084507
107,prillylatuconsina96,Indonesia,101-200,Q2 팔로워 중하,Q1 반응 낮음,일반 계정,84,34.91905032,6500,48900000,48.9,372400,0.3724,131800,0.1318,2400000000,2.4,0.0027,0.27,0.00761554192,0.761554192,False,14.93133522,1.877940935,1.022340023,87.32394366
108,louisvuitton,France,101-200,Q2 팔로워 중하,Q1 반응 낮음,일반 계정,82,33.41686867,6500,48700000,48.7,127500,0.1275,40500,0.0405,824000000,0.824,0.0008,0.08,0.00261806982,0.261806982,False,14.77810057,0.397765629,0.302915562,84.50704225
109,paulodybala,None,101-200,Q2 팔로워 중하,Q4 반응 높음,일반 계정,85,38.97458469,1300,48300000,48.3,1800000,1.8,1400000,1.4,2300000000,2.3,0.0288,2.88,0.0372670807,3.726708075,False,14.46973429,10.6602762,10.90496024,88.73239437
110,blackpinkofficial,None,101-200,Q2 팔로워 중하,Q4 반응 높음,일반 계정,85,39.35932925,1400,48200000,48.2,2100000,2.1,1300000,1.3,3000000000,3,0.0277,2.77,0.0435684647,4.356846473,False,14.39224369,12.52665039,10.48845134,88.73239437
111,dovecameron,United States,101-200,Q2 팔로워 중하,Q4 반응 높음,일반 계정,85,38.01188911,170,48200000,48.2,1600000,1.6,841400,0.8414,283000000,0.283,0.0175,1.75,0.0331950207,3.319502075,False,14.39224369,9.454193902,6.626277925,88.73239437
112,garethbale11,None,101-200,Q2 팔로워 중하,Q2 반응 중하,팔로워 중위 이하·영향력 점수 높음,86,37.02029848,980,48100000,48.1,763000,0.763,681300,0.6813,753100000,0.7531,0.0143,1.43,0.0158627859,1.586278586,False,14.31459216,4.320649279,5.414615676,90.14084507
113,jokowi,None,101-200,Q2 팔로워 중하,Q2 반응 중하,일반 계정,85,35.39796358,3500,47700000,47.7,452600,0.4526,189600,0.1896,1600000000,1.6,0.0041,0.41,0.0094884696,0.94884696,False,14.0023632,2.432673656,1.552442257,88.73239437
114,nusr_et,United Arab Emirates,101-200,Q2 팔로워 중하,Q2 반응 중하,일반 계정,81,33.71664399,2300,47300000,47.3,728200,0.7282,133000,0.133,1700000000,1.7,0.0029,0.29,0.0153953488,1.539534884,False,13.68750492,4.182201535,1.098068913,83.09859155
115,harrystyles,United States,101-200,Q2 팔로워 중하,Q4 반응 높음,참여율 상위 10%,57,31.54563323,590,46900000,46.9,4700000,4.7,2900000,2.9,2800000000,2.8,0.0638,6.38,0.10021322,10.02132196,False,13.36997264,29.30396612,24.15751609,49.29577465
116,haileybieber,None,101-200,Q2 팔로워 중하,Q4 반응 높음,일반 계정,85,39.43287938,2100,46900000,46.9,2000000,2,1600000,1.6,4200000000,4.2,0.0347,3.47,0.0426439232,4.264392324,False,13.36997264,12.25281525,13.13896251,88.73239437
117,vanessahudgens,United States,101-200,Q2 팔로워 중하,Q2 반응 중하,일반 계정,84,35.15227048,4200,46800000,46.8,633900,0.6339,292900,0.2929,2700000000,2.7,0.0063,0.63,0.0135448718,1.354487179,False,13.29016642,3.634118351,2.385460053,87.32394366
118,5-Minute Crafts GIRLY,United States,101-200,Q2 팔로워 중하,Q1 반응 낮음,일반 계정,85,34.49139591,10000,46500000,46.5,157000,0.157,12400,0.0124,1600000000,1.6,0.0003,0.03,0.00337634409,0.337634409,False,13.04972058,0.622354947,0.113593336,88.73239437
119,zayn,United States,101-200,Q2 팔로워 중하,Q4 반응 높음,참여율 상위 10%,82,45.23350438,160,46500000,46.5,4700000,4.7,4000000,4,773500000,0.7735,0.0881,8.81,0.101075269,10.10752688,False,13.04972058,29.55929199,33.3585763,84.50704225
120,larissamanoela,Brazil,101-200,Q2 팔로워 중하,Q2 반응 중하,일반 계정,85,35.47104253,5200,46500000,46.5,579600,0.5796,259400,0.2594,3000000000,3,0.0057,0.57,0.0124645161,1.246451613,False,13.04972058,3.314133418,2.158273381,88.73239437
121,travisscott,United States,101-200,Q2 팔로워 중하,Q4 반응 높음,일반 계정,78,38.76443133,3200,46200000,46.2,3000000,3,2600000,2.6,9600000000,9.6,0.0571,5.71,0.0649350649,6.493506494,False,12.80771844,18.85511272,21.62059826,78.87323944
122,thenotoriousmma,United States,101-200,Q2 팔로워 중하,Q3 반응 중상,일반 계정,82,34.79050771,3200,45900000,45.9,1100000,1.1,311500,0.3115,3500000000,3.5,0.0069,0.69,0.0239651416,2.396514161,False,12.56413972,6.720443943,2.612646725,84.50704225
123,daddyyankee,Puerto Rico,101-200,Q2 팔로워 중하,Q2 반응 중하,일반 계정,80,33.25875176,20,45900000,45.9,652500,0.6525,455300,0.4553,18300000,0.0183,0.01,1,0.0142156863,1.421568627,False,12.56413972,3.832803408,3.786444529,81.69014085
124,natgeotravel,United States,101-200,Q2 팔로워 중하,Q1 반응 낮음,일반 계정,82,32.97886919,16900,45800000,45.8,189900,0.1899,52800,0.0528,3200000000,3.2,0.0012,0.12,0.00414628821,0.414628821,False,12.48259291,0.850400698,0.454373343,84.50704225
125,nikefootball,United States,101-200,Q2 팔로워 중하,Q2 반응 중하,일반 계정,85,34.95375631,1800,45400000,45.4,431200,0.4312,199800,0.1998,784000000,0.784,0.0044,0.44,0.00949779736,0.949779736,False,12.15461536,2.435436395,1.666035593,88.73239437
126,stephencurry30,None,101-200,Q2 팔로워 중하,Q3 반응 중상,일반 계정,84,36.8692764,1100,45400000,45.4,1100000,1.1,1200000,1.2,1200000000,1.2,0.0276,2.76,0.0242290749,2.422907489,False,12.15461536,6.79861697,10.4505869,87.32394366
127,vancityreynolds,None,101-200,Q2 팔로워 중하,Q4 반응 높음,팔로워 중위 이하·영향력 점수 높음,86,38.16551357,680,44800000,44.8,1400000,1.4,1200000,1.2,925700000,0.9257,0.0261,2.61,0.03125,3.125,False,11.65719073,8.87810831,9.88262022,90.14084507
128,maisa,Brazil,101-200,Q2 팔로워 중하,Q2 반응 중하,일반 계정,42,13.91693918,1500,44500000,44.5,553000,0.553,294100,0.2941,820100000,0.8201,0.0067,0.67,0.0124269663,1.242696629,False,11.40597456,3.303011727,2.536917834,28.16901408
129,luissuarez9,None,101-200,Q2 팔로워 중하,Q3 반응 중상,일반 계정,85,35.63865228,970,44200000,44.2,801800,0.8018,414800,0.4148,782500000,0.7825,0.0096,0.96,0.0181402715,1.814027149,False,11.15305905,4.995205918,3.634986747,88.73239437
130,gusttavolima,Brazil,101-200,Q2 팔로워 중하,Q2 반응 중하,일반 계정,76,30.45451514,4900,43900000,43.9,475100,0.4751,303900,0.3039,2300000000,2.3,0.0071,0.71,0.0108223235,1.082232346,False,10.89842106,2.827740902,2.688375615,76.05633803
131,jannatzubair29,None,101-200,Q2 팔로워 중하,Q3 반응 중상,일반 계정,84,36.60813795,1600,43800000,43.8,1300000,1.3,944300,0.9443,2200000000,2.2,0.0218,2.18,0.0296803653,2.96803653,False,10.81315489,8.41320636,8.254449072,87.32394366
132,varundvn,India,101-200,Q2 팔로워 중하,Q3 반응 중상,일반 계정,84,35.87245077,1900,43800000,43.8,1100000,1.1,640500,0.6405,2000000000,2,0.0148,1.48,0.0251141553,2.511415525,False,10.81315489,7.060764325,5.603937902,87.32394366
133,hrithikroshan,C?´te d'Ivoire,101-200,Q2 팔로워 중하,Q4 반응 높음,일반 계정,85,38.52455122,580,43700000,43.7,1600000,1.6,1600000,1.6,949900000,0.9499,0.0382,3.82,0.0366132723,3.661327231,False,10.72769382,10.46662808,14.4642181,88.73239437
134,nickyjampr,Colombia,101-200,Q2 팔로워 중하,Q1 반응 낮음,일반 계정,81,32.44611301,10000,43400000,43.4,381600,0.3816,139300,0.1393,3800000000,3.8,0.0033,0.33,0.00879262673,0.879262673,False,10.47013229,2.226575569,1.249526694,83.09859155
135,buzzfeedtasty,Spain,101-200,Q2 팔로워 중하,Q1 반응 낮음,일반 계정,85,33.65922256,8900,43200000,43.2,65100,0.0651,7700,0.0077,580700000,0.5807,0.0002,0.02,0.00150694444,0.150694444,False,10.2974336,0.0686671771,0.0757288906,88.73239437
136,brunamarquezine,United States,101-200,Q2 팔로워 중하,Q3 반응 중상,일반 계정,84,35.28397826,3000,43100000,43.1,969700,0.9697,444200,0.4442,2900000000,2.9,0.0105,1.05,0.0224988399,2.249883991,False,10.2107842,6.286147657,3.975766755,87.32394366
137,caradelevingne,United States,101-200,Q2 팔로워 중하,Q3 반응 중상,팔로워 중위 이하·영향력 점수 높음,86,35.57222485,4400,42900000,42.9,790200,0.7902,181000,0.181,3500000000,3.5,0.0043,0.43,0.0184195804,1.841958042,False,10.03688063,5.077932978,1.628171147,90.14084507
138,kapilsharma,None,101-200,Q2 팔로워 중하,Q2 반응 중하,일반 계정,83,34.469842,950,42200000,42.2,736400,0.7364,624500,0.6245,710700000,0.7107,0.0149,1.49,0.017450237,1.745023697,False,9.421768284,4.790828176,5.641802348,85.91549296
139,badbunnypr,None,101-200,Q2 팔로워 중하,Q4 반응 높음,참여율 상위 10%,83,46.25157884,10,42100000,42.1,3700000,3.7,5400000,5.4,67500000,0.0675,0.1309,13.09,0.0878859857,8.788598575,False,9.333063141,25.65282675,49.56455888,85.91549296
140,britneyspears,Turkey,101-200,Q2 팔로워 중하,Q2 반응 중하,일반 계정,80,32.04522911,3000,42100000,42.1,513100,0.5131,221700,0.2217,1600000000,1.6,0.0055,0.55,0.0121876485,1.218764846,False,9.333063141,3.23212942,2.082544491,81.69014085
141,j.m,None,101-200,Q2 팔로워 중하,Q4 반응 높음,참여율 상위 10%,83,72.35917728,20,41900000,41.9,14200000,14.2,11000000,11,368100000,0.3681,0.2641,26.41,0.338902148,33.8902148,False,9.155018994,100,100,85.91549296
142,mariliamendoncacantora,Brazil,101-200,Q2 팔로워 중하,Q3 반응 중상,일반 계정,73,30.2088621,1400,41800000,41.8,1000000,1,818600,0.8186,1500000000,1.5,0.0198,1.98,0.023923445,2.392344498,False,9.065677972,6.708094033,7.497160167,71.83098592
143,norafatehi,Anguilla,101-200,Q2 팔로워 중하,Q4 반응 높음,일반 계정,83,35.68915488,1700,41600000,41.6,1400000,1.4,727500,0.7275,2300000000,2.3,0.0176,1.76,0.0336538462,3.365384615,False,8.886352927,9.590091016,6.66414237,85.91549296
144,theweeknd,None,101-200,Q2 팔로워 중하,Q3 반응 중상,일반 계정,83,36.39259564,670,41500000,41.5,1100000,1.1,1600000,1.6,767000000,0.767,0.0397,3.97,0.0265060241,2.65060241,False,8.796366843,7.473014728,15.03218478,85.91549296
145,dior,None,101-200,Q2 팔로워 중하,Q1 반응 낮음,일반 계정,85,33.41032872,9700,41500000,41.5,88800,0.0888,63600,0.0636,863000000,0.863,0.0016,0.16,0.00213975904,0.213975904,False,8.796366843,0.256097244,0.605831125,88.73239437
146,ranveersingh,Switzerland,101-200,Q2 팔로워 중하,Q3 반응 중상,일반 계정,85,35.24851542,1800,40800000,40.8,1000000,1,299300,0.2993,1800000000,1.8,0.0076,0.76,0.0245098039,2.450980392,False,8.160326229,6.881764643,2.877697842,88.73239437
147,marinaruybarbosa,Brazil,101-200,Q2 팔로워 중하,Q2 반응 중하,일반 계정,81,32.07976086,2100,40700000,40.7,586400,0.5864,0,0,1200000000,1.2,0.0001,0.01,0.0144078624,1.440786241,False,8.068573545,3.889723058,0.0378644453,83.09859155
148,jenniferaniston,None,101-200,Q2 팔로워 중하,Q4 반응 높음,참여율 상위 10%,85,42.4157002,90,40700000,40.7,4600000,4.6,731000,0.731,452000000,0.452,0.0188,1.88,0.113022113,11.3022113,False,8.068573545,33.09776572,7.118515714,88.73239437
149,addisonraee,None,101-200,Q2 팔로워 중하,Q4 반응 높음,참여율 상위 10%,85,39.97874783,300,40100000,40.1,3100000,3.1,994400,0.9944,957900000,0.9579,0.0249,2.49,0.0773067332,7.730673317,False,7.513278188,22.51941288,9.428246876,88.73239437
150,andresiniesta8,Spain,101-200,Q1 팔로워 낮음,Q1 반응 낮음,일반 계정,85,33.51403779,2000,40000000,40,250800,0.2508,161700,0.1617,500500000,0.5005,0.0041,0.41,0.00627,0.627,False,7.419921835,1.479411862,1.552442257,88.73239437
151,princessyahrini,Indonesia,101-200,Q1 팔로워 낮음,Q1 반응 낮음,일반 계정,81,31.18901509,4500,40000000,40,118300,0.1183,87400,0.0874,529900000,0.5299,0.0022,0.22,0.0029575,0.29575,False,7.419921835,0.498299693,0.833017796,83.09859155
152,liverpoolfc,United Kingdom,101-200,Q1 팔로워 낮음,Q1 반응 낮음,일반 계정,75,28.74587676,10000,39900000,39.9,346700,0.3467,162900,0.1629,3500000000,3.5,0.0042,0.42,0.00868922306,0.868922306,False,7.326331798,2.195948973,1.590306702,74.64788732
153,teddysphotos,United States,101-200,Q1 팔로워 낮음,Q3 반응 중상,일반 계정,80,31.91780118,2300,39900000,39.9,715500,0.7155,181100,0.1811,1700000000,1.7,0.0046,0.46,0.0179323308,1.793233083,False,7.326331798,4.933617052,1.741764483,81.69014085
154,worldstar,United States,101-200,Q1 팔로워 낮음,Q1 반응 낮음,일반 계정,78,29.60530728,11600,39200000,39.2,157400,0.1574,84400,0.0844,1800000000,1.8,0.0023,0.23,0.00401530612,0.401530612,False,6.664558769,0.811605793,0.870882242,78.87323944
155,natashawilona12,None,101-200,Q1 팔로워 낮음,Q2 반응 중하,일반 계정,84,33.38916985,1200,39200000,39.2,486500,0.4865,227700,0.2277,563900000,0.5639,0.0059,0.59,0.0124107143,1.241071429,False,6.664558769,3.29819813,2.234002272,87.32394366
156,mahi7781,None,101-200,Q1 팔로워 낮음,Q4 반응 높음,참여율 상위 10%,58,27.15531601,100,39100000,39.1,4100000,4.1,0,0,439400000,0.4394,0.0017,0.17,0.104859335,10.4859335,False,6.56905629,30.68007491,0.64369557,50.70422535
157,georginagio,None,101-200,Q1 팔로워 낮음,Q4 반응 높음,일반 계정,74,36.20972738,730,39100000,39.1,2200000,2.2,3300000,3.3,1600000000,1.6,0.0856,8.56,0.0562659847,5.626598465,False,6.56905629,16.28746287,32.41196516,73.23943662
158,cznburak,None,101-200,Q1 팔로워 낮음,Q3 반응 중상,일반 계정,80,32.23800088,1800,39000000,39,815800,0.8158,383300,0.3833,1400000000,1.4,0.0101,1.01,0.0209179487,2.091794872,False,6.473309247,5.817911708,3.824308974,81.69014085
159,chrissyteigen,United States,101-200,Q1 팔로워 낮음,Q2 반응 중하,일반 계정,79,31.02880127,5100,38900000,38.9,623100,0.6231,162100,0.1621,3200000000,3.2,0.0043,0.43,0.0160179949,1.601799486,False,6.377316383,4.366619825,1.628171147,80.28169014
160,ruben_onsu,Indonesia,101-200,Q1 팔로워 낮음,Q1 반응 낮음,일반 계정,75,27.94228975,13400,38800000,38.8,139300,0.1393,49100,0.0491,1900000000,1.9,0.0013,0.13,0.00359020619,0.359020619,False,6.281076432,0.685697651,0.492237789,74.64788732
161,wizkhalifa,United States,101-200,Q1 팔로워 낮음,Q2 반응 중하,일반 계정,80,30.98219735,500,38700000,38.7,398700,0.3987,115700,0.1157,199800000,0.1998,0.0031,0.31,0.0103023256,1.030232558,False,6.184588121,2.673725431,1.173797804,81.69014085
162,hm,Sweden,101-200,Q1 팔로워 낮음,Q1 반응 낮음,일반 계정,83,31.67781691,7300,38500000,38.5,88400,0.0884,22400,0.0224,644100000,0.6441,0.0006,0.06,0.0022961039,0.22961039,False,5.990861262,0.302404216,0.227186672,85.91549296
163,anushkasen0408,None,101-200,Q1 팔로워 낮음,Q3 반응 중상,일반 계정,85,34.7493259,5300,38300000,38.3,695400,0.6954,658300,0.6583,3700000000,3.7,0.0175,1.75,0.018156658,1.815665796,False,5.796125405,5.000059342,6.626277925,88.73239437
164,prattprattpratt,None,101-200,Q1 팔로워 낮음,Q3 반응 중상,일반 계정,84,34.05871838,730,38300000,38.3,813500,0.8135,363800,0.3638,594700000,0.5947,0.01,1,0.0212402089,2.124020888,False,5.796125405,5.91336027,3.786444529,87.32394366
165,marvelstudios,None,101-200,Q1 팔로워 낮음,Q2 반응 중하,일반 계정,83,33.42829545,2700,38100000,38.1,594200,0.5942,555900,0.5559,1600000000,1.6,0.0158,1.58,0.0155958005,1.559580052,False,5.600369984,4.241572279,5.982582355,85.91549296
166,wesleysafadao,None,101-200,Q1 팔로워 낮음,Q1 반응 낮음,일반 계정,80,30.24229032,8900,37400000,37.4,256100,0.2561,0,0,2300000000,2.3,0.0002,0.02,0.00684759358,0.684759358,False,4.907040447,1.650486305,0.0757288906,81.69014085
167,parineetichopra,None,101-200,Q1 팔로워 낮음,Q2 반응 중하,일반 계정,84,33.08314861,1300,37400000,37.4,505700,0.5057,246900,0.2469,672100000,0.6721,0.0068,0.68,0.0135213904,1.352139037,False,4.907040447,3.627163511,2.574782279,87.32394366
168,rkive,None,101-200,Q1 팔로워 낮음,Q4 반응 높음,참여율 상위 10%,83,52.91586705,110,37000000,37,10900000,10.9,0,0,1200000000,1.2,0,0,0.294594595,29.45945946,True,4.505002165,86.87677591,0,85.91549296
169,laudyacynthiabella,Indonesia,101-200,Q1 팔로워 낮음,Q1 반응 낮음,일반 계정,76,28.0411639,380,36900000,36.9,172800,0.1728,43400,0.0434,66700000,0.0667,0.0012,0.12,0.00468292683,0.468292683,False,4.40381347,1.009344903,0.454373343,76.05633803
170,antogriezmann,France,101-200,Q1 팔로워 낮음,Q3 반응 중상,일반 계정,83,33.53035061,870,36500000,36.5,1100000,1.1,203600,0.2036,955400000,0.9554,0.0057,0.57,0.0301369863,3.01369863,False,3.996297719,8.548450564,2.158273381,85.91549296
171,gisel_la,None,101-200,Q1 팔로워 낮음,Q1 반응 낮음,일반 계정,85,32.3231062,9900,36500000,36.5,150500,0.1505,33400,0.0334,1500000000,1.5,0.001,0.1,0.00412328767,0.412328767,False,3.996297719,0.843588288,0.378644453,88.73239437
172,eminem,United States,101-200,Q1 팔로워 낮음,Q4 반응 높음,일반 계정,84,35.20788411,660,36400000,36.4,1100000,1.1,962700,0.9627,730100000,0.7301,0.0269,2.69,0.0302197802,3.021978022,False,3.893720975,8.572972864,10.18553578,87.32394366
173,mercedesbenz,British Virgin Islands,101-200,Q1 팔로워 낮음,Q1 반응 낮음,일반 계정,77,28.39768587,10000,36000000,36,197900,0.1979,64600,0.0646,2000000000,2,0.0018,0.18,0.00549722222,0.549722222,False,3.48057644,1.250526826,0.681560015,77.46478873
174,colesprouse,None,101-200,Q1 팔로워 낮음,Q4 반응 높음,일반 계정,81,35.70092584,1200,35900000,35.9,2200000,2.2,834500,0.8345,2600000000,2.6,0.0234,2.34,0.061281337,6.128133705,False,3.376573035,17.77293404,8.860280197,83.09859155
175,nattinatasha,Czech Republic,101-200,Q1 팔로워 낮음,Q2 반응 중하,일반 계정,47,14.59666018,30,35900000,35.9,518100,0.5181,285900,0.2859,18700000,0.0187,0.008,0.8,0.0144317549,1.443175487,False,3.376573035,3.896799644,3.029155623,35.21126761
176,shahidkapoor,None,101-200,Q1 팔로워 낮음,Q4 반응 높음,일반 계정,82,34.39532168,1100,35600000,35.6,1300000,1.3,780000,0.78,1500000000,1.5,0.0254,2.54,0.0365168539,3.651685393,False,3.062815669,10.43807042,9.617569103,84.50704225
177,tigerjackieshroff,India,101-200,Q1 팔로워 낮음,Q4 반응 높음,일반 계정,83,33.71121418,2100,35600000,35.6,1100000,1.1,422900,0.4229,2200000000,2.2,0.012,1.2,0.0308988764,3.08988764,False,3.062815669,8.774110836,4.543733434,85.91549296
178,kimberly.loaiza,Mexico,101-200,Q1 팔로워 낮음,Q4 반응 높음,참여율 상위 10%,78,36.64419541,590,35500000,35.5,2600000,2.6,1800000,1.8,1600000000,1.6,0.0523,5.23,0.0732394366,7.323943662,False,2.957642041,21.31474144,19.80310488,78.87323944
179,barackobama,United States,101-200,Q1 팔로워 낮음,Q4 반응 높음,일반 계정,81,32.67988427,660,35400000,35.4,1100000,1.1,411500,0.4115,739500000,0.7395,0.0119,1.19,0.0310734463,3.107344633,False,2.852171732,8.825815795,4.505868989,83.09859155
180,sachintendulkar,None,101-200,Q1 팔로워 낮음,Q3 반응 중상,일반 계정,76,30.04381465,1000,35300000,35.3,800400,0.8004,664500,0.6645,810000000,0.81,0.0203,2.03,0.022674221,2.267422096,False,2.746403062,6.338092861,7.686482393,76.05633803
181,simonemendes,Brazil,101-200,Q1 팔로워 낮음,Q2 반응 중하,일반 계정,72,26.41802584,4400,35000000,35,420000,0.42,222900,0.2229,1900000000,1.9,0.0065,0.65,0.012,1.2,False,2.427289887,3.176550799,2.461188944,70.42253521
182,ivetesangalo,Brazil,101-200,Q1 팔로워 낮음,Q1 반응 낮음,일반 계정,84,31.70841357,7600,34800000,34.8,226400,0.2264,121100,0.1211,1700000000,1.7,0.0036,0.36,0.00650574713,0.650574713,False,2.213024545,1.549236579,1.36312003,87.32394366
183,lunamaya,None,101-200,Q1 팔로워 낮음,Q1 반응 낮음,일반 계정,83,30.93519323,4100,34800000,34.8,145400,0.1454,58600,0.0586,589600000,0.5896,0.0017,0.17,0.00417816092,0.417816092,False,2.213024545,0.85984091,0.64369557,85.91549296
184,toni.kr8s,None,101-200,Q1 팔로워 낮음,Q2 반응 중하,일반 계정,83,32.73091012,940,34700000,34.7,597200,0.5972,533500,0.5335,561300000,0.5613,0.0168,1.68,0.0172103746,1.721037464,False,2.105429651,4.719784599,6.361226808,85.91549296
185,dannapaola,Mexico,101-200,Q1 팔로워 낮음,Q4 반응 높음,일반 계정,68,28.29104519,1900,34700000,34.7,1500000,1.5,1200000,1.2,2800000000,2.8,0.0349,3.49,0.0432276657,4.322766571,False,2.105429651,12.4257109,13.2146914,64.78873239
186,paollaoliveirareal,None,101-200,Q1 팔로워 낮음,Q2 반응 중하,일반 계정,84,32.10390904,4600,34700000,34.7,367800,0.3678,192300,0.1923,1700000000,1.7,0.0057,0.57,0.0105994236,1.059942363,False,2.105429651,2.761721359,2.158273381,87.32394366
187,blakelively,United States,101-200,Q1 팔로워 낮음,Q4 반응 높음,참여율 상위 10%,80,35.64207021,110,34600000,34.6,3100000,3.1,0,0,350900000,0.3509,0.0002,0.02,0.0895953757,8.959537572,False,1.997524237,26.15912209,0.0757288906,81.69014085
188,adidasoriginals,None,101-200,Q1 팔로워 낮음,Q1 반응 낮음,일반 계정,83,30.7751752,150,34200000,34.2,136200,0.1362,66800,0.0668,21200000,0.0212,0.002,0.2,0.00398245614,0.398245614,False,1.562761199,0.801876128,0.757288906,85.91549296
189,disney,United States,101-200,Q1 팔로워 낮음,Q1 반응 낮음,일반 계정,77,28.05983031,7300,34200000,34.2,185200,0.1852,132000,0.132,1400000000,1.4,0.0044,0.44,0.00541520468,0.541520468,False,1.562761199,1.226234475,1.666035593,77.46478873
190,shaymitchell,United States,101-200,Q1 팔로워 낮음,Q3 반응 중상,일반 계정,83,32.34430522,6300,34100000,34.1,732400,0.7324,247500,0.2475,4600000000,4.6,0.0073,0.73,0.0214780059,2.147800587,False,1.453275909,5.983792125,2.764104506,85.91549296
191,bmw,Germany,101-200,Q1 팔로워 낮음,Q1 반응 낮음,일반 계정,79,28.89604845,9300,33700000,33.7,231300,0.2313,76500,0.0765,2200000000,2.2,0.0023,0.23,0.00686350148,0.686350148,False,1.01210029,1.655197983,0.870882242,80.28169014
192,danbilzerian,Canada,101-200,Q1 팔로워 낮음,Q4 반응 높음,일반 계정,84,37.13504331,1400,33600000,33.6,2000000,2,1200000,1.2,2800000000,2.8,0.0358,3.58,0.0595238095,5.952380952,False,0.900988173,17.25238109,13.55547141,87.32394366
193,khabib_nurmagomedov,Russia,101-200,Q1 팔로워 낮음,Q3 반응 중상,일반 계정,63,22.20907486,4500,33500000,33.5,685100,0.6851,220700,0.2207,3100000000,3.1,0.0067,0.67,0.0204507463,2.045074627,False,0.789544872,5.679533441,2.536917834,57.74647887
194,zidane,France,101-200,Q1 팔로워 낮음,Q4 반응 높음,일반 계정,41,12.81496085,370,33500000,33.5,1100000,1.1,532700,0.5327,391900000,0.3919,0.0161,1.61,0.0328358209,3.28358209,False,0.789544872,9.347804364,6.096175691,26.76056338
195,sonamkapoor,India,101-200,Q1 팔로워 낮음,Q1 반응 낮음,일반 계정,75,27.12016652,4800,33300000,33.3,264700,0.2647,209200,0.2092,1300000000,1.3,0.0063,0.63,0.00794894895,0.794894895,False,0.565656778,1.97669103,2.385460053,74.64788732
196,iambeckyg,United States,101-200,Q1 팔로워 낮음,Q3 반응 중상,일반 계정,71,26.36023388,2300,33200000,33.2,623800,0.6238,464700,0.4647,1400000000,1.4,0.014,1.4,0.0187891566,1.878915663,False,0.453207972,5.187395835,5.30102234,69.01408451
197,nancyajram,France,101-200,Q1 팔로워 낮음,Q2 반응 중하,일반 계정,81,30.33760295,3800,33200000,33.2,390400,0.3904,208000,0.208,1500000000,1.5,0.0064,0.64,0.0117590361,1.175903614,False,0.453207972,3.105180966,2.423324498,83.09859155
198,luansantana,Brazil,101-200,Q1 팔로워 낮음,Q1 반응 낮음,일반 계정,79,28.69626656,770,33200000,33.2,193300,0.1933,82600,0.0826,149200000,0.1492,0.0026,0.26,0.00582228916,0.582228916,False,0.453207972,1.346806712,0.984475577,80.28169014
199,nickjonas,United States,101-200,Q1 팔로워 낮음,Q3 반응 중상,일반 계정,78,29.98920839,2300,33000000,33,719600,0.7196,467700,0.4677,1700000000,1.7,0.0142,1.42,0.0218060606,2.180606061,False,0.227290669,6.080956955,5.376751231,78.87323944
200,raisa6690,Indonesia,101-200,Q1 팔로워 낮음,Q1 반응 낮음,일반 계정,80,29.19171551,4200,32800000,32.8,232200,0.2322,97400,0.0974,969100000,0.9691,0.003,0.3,0.00707926829,0.707926829,False,0,1.719104834,1.135933359,81.69014085
